fpr,tpr
0.0,0.0
0.0,0.00034223134839151266
0.0,0.010609171800136893
0.0,0.011293634496919919
0.0,0.013004791238877482
0.0,0.013689253935660506
0.0,0.019849418206707735
0.0,0.02053388090349076
0.0,0.09650924024640657
0.0,0.0971937029431896
0.0,0.12012320328542095
0.0,0.12080766598220397
0.0,0.1601642710472279
0.0,0.16084873374401096
0.0,0.20362765229295005
0.00010765421466250404,0.20362765229295005
0.00010765421466250404,0.20910335386721424
0.00021530842932500807,0.20910335386721424
0.00021530842932500807,0.2104722792607803
0.0003229626439875121,0.2104722792607803
0.0003229626439875121,0.2265571526351814
0.0005382710733125202,0.2265571526351814
0.0005382710733125202,0.229637234770705
0.0006459252879750242,0.229637234770705
0.0006459252879750242,0.23819301848049282
0.0007535795026375283,0.23819301848049282
0.0007535795026375283,0.24264202600958248
0.0008612337173000323,0.24264202600958248
0.0008612337173000323,0.25256673511293637
0.0009688879319625363,0.25256673511293637
0.0009688879319625363,0.25667351129363447
0.0010765421466250404,0.25667351129363447
0.0010765421466250404,0.25804243668720056
0.0011841963612875444,0.25804243668720056
0.0011841963612875444,0.26865160848733743
0.0012918505759500485,0.26865160848733743
0.0012918505759500485,0.27104722792607805
0.0013995047906125524,0.27104722792607805
0.0013995047906125524,0.2782340862422998
0.0016148132199375605,0.2782340862422998
0.0016148132199375605,0.2789185489390828
0.0018301216492625687,0.2789185489390828
0.0018301216492625687,0.2792607802874743
0.0019377758639250726,0.2792607802874743
0.0019377758639250726,0.2799452429842574
0.0020454300785875765,0.2799452429842574
0.0020454300785875765,0.2809719370294319
0.002153084293250081,0.2809719370294319
0.002153084293250081,0.28199863107460643
0.002260738507912585,0.28199863107460643
0.002260738507912585,0.28234086242299794
0.0023683927225750887,0.28234086242299794
0.0023683927225750887,0.28815879534565364
0.002476046937237593,0.28815879534565364
0.002476046937237593,0.28850102669404515
0.002583701151900097,0.28850102669404515
0.002583701151900097,0.28952772073921973
0.002691355366562601,0.28952772073921973
0.002691355366562601,0.2922655715263518
0.002799009581225105,0.2922655715263518
0.002799009581225105,0.2946611909650924
0.002906663795887609,0.2946611909650924
0.002906663795887609,0.2950034223134839
0.003014318010550113,0.2950034223134839
0.003014318010550113,0.30150581793292264
0.003121972225212617,0.30150581793292264
0.003121972225212617,0.30903490759753593
0.003229626439875121,0.30903490759753593
0.003229626439875121,0.3138261464750171
0.0033372806545376252,0.3138261464750171
0.0033372806545376252,0.31553730321697465
0.003444934869200129,0.31553730321697465
0.003444934869200129,0.31793292265571527
0.003552589083862633,0.31793292265571527
0.003552589083862633,0.3196440793976728
0.0036602432985251374,0.3196440793976728
0.0036602432985251374,0.3247775496235455
0.0037678975131876413,0.3247775496235455
0.0037678975131876413,0.32511978097193706
0.0038755517278501453,0.32511978097193706
0.00398320594251265,0.32546201232032856
0.00398320594251265,0.3261464750171116
0.00398320594251265,0.3268309377138946
0.00398320594251265,0.3278576317590691
0.004090860157175153,0.3278576317590691
0.004090860157175153,0.32991101984941823
0.004198514371837657,0.32991101984941823
0.004198514371837657,0.3343600273785079
0.004306168586500162,0.3343600273785079
0.004306168586500162,0.33572895277207393
0.004413822801162665,0.33572895277207393
0.004413822801162665,0.33607118412046544
0.00452147701582517,0.33607118412046544
0.00452147701582517,0.33641341546885695
0.004629131230487674,0.33641341546885695
0.004629131230487674,0.33709787816563996
0.0047367854451501774,0.33709787816563996
0.0047367854451501774,0.3401779603011636
0.004844439659812682,0.3401779603011636
0.004844439659812682,0.3405201916495551
0.004952093874475186,0.3405201916495551
0.004952093874475186,0.34360027378507874
0.005167402303800194,0.34360027378507874
0.005167402303800194,0.3456536618754278
0.0052750565184626974,0.3456536618754278
0.0052750565184626974,0.3463381245722108
0.005705673377112714,0.3463381245722108
0.005705673377112714,0.3483915126625599
0.005813327591775218,0.3483915126625599
0.005813327591775218,0.3490759753593429
0.005920981806437722,0.3490759753593429
0.005920981806437722,0.34976043805612594
0.0061362902357627305,0.34976043805612594
0.0061362902357627305,0.35044490075290896
0.006459252879750242,0.35044490075290896
0.006459252879750242,0.3535249828884326
0.006566907094412746,0.3535249828884326
0.006566907094412746,0.35557837097878164
0.0066745613090752505,0.35557837097878164
0.0066745613090752505,0.35592060232717315
0.006782215523737754,0.35592060232717315
0.006782215523737754,0.3607118412046543
0.006997523953062763,0.3607118412046543
0.006997523953062763,0.36276522929500343
0.007105178167725266,0.36276522929500343
0.007105178167725266,0.365845311430527
0.0072128323823877705,0.365845311430527
0.0072128323823877705,0.36995208761122517
0.007428140811712778,0.36995208761122517
0.007428140811712778,0.3702943189596167
0.007535795026375283,0.3702943189596167
0.007535795026375283,0.37166324435318276
0.007643449241037787,0.37166324435318276
0.007643449241037787,0.3737166324435318
0.007858757670362794,0.3737166324435318
0.007858757670362794,0.37474332648870634
0.0079664118850253,0.37474332648870634
0.0079664118850253,0.3750855578370979
0.008074066099687803,0.3750855578370979
0.008074066099687803,0.37782340862423
0.008181720314350306,0.37782340862423
0.008181720314350306,0.3781656399726215
0.008289374529012811,0.3781656399726215
0.008289374529012811,0.379192334017796
0.008397028743675315,0.379192334017796
0.008397028743675315,0.3812457221081451
0.008504682958337818,0.3812457221081451
0.008504682958337818,0.38227241615331964
0.008612337173000324,0.38227241615331964
0.008612337173000324,0.38295687885010266
0.008719991387662827,0.38295687885010266
0.008719991387662827,0.38329911019849416
0.00882764560232533,0.38329911019849416
0.00882764560232533,0.3839835728952772
0.008935299816987836,0.3839835728952772
0.008935299816987836,0.3860369609856263
0.00904295403165034,0.3860369609856263
0.00904295403165034,0.3863791923340178
0.009150608246312843,0.3863791923340178
0.009150608246312843,0.3870636550308008
0.009258262460975348,0.3870636550308008
0.009258262460975348,0.38774811772758383
0.009365916675637851,0.38774811772758383
0.009365916675637851,0.391854893908282
0.009473570890300355,0.391854893908282
0.009473570890300355,0.3921971252566735
0.00958122510496286,0.3921971252566735
0.00958122510496286,0.3939082819986311
0.009796533534287867,0.3939082819986311
0.009796533534287867,0.39869952087611227
0.010227150392937883,0.39869952087611227
0.010227150392937883,0.4007529089664613
0.010334804607600388,0.4007529089664613
0.010334804607600388,0.40314852840520193
0.010442458822262891,0.40314852840520193
0.010442458822262891,0.4086242299794661
0.010550113036925395,0.4086242299794661
0.010550113036925395,0.40930869267624914
0.0106577672515879,0.40930869267624914
0.0106577672515879,0.41033538672142367
0.010765421466250404,0.41033538672142367
0.010765421466250404,0.41170431211498976
0.010873075680912907,0.41170431211498976
0.010873075680912907,0.4130732375085558
0.010980729895575412,0.4130732375085558
0.010980729895575412,0.4161533196440794
0.011088384110237916,0.4161533196440794
0.011088384110237916,0.4182067077344285
0.01119603832490042,0.4182067077344285
0.01119603832490042,0.4206023271731691
0.011303692539562924,0.4206023271731691
0.011303692539562924,0.42231348391512663
0.011411346754225428,0.42231348391512663
0.011411346754225428,0.42299794661190965
0.011519000968887931,0.42299794661190965
0.011519000968887931,0.4247091033538672
0.011626655183550437,0.4247091033538672
0.011626655183550437,0.42573579739904177
0.01173430939821294,0.42573579739904177
0.01173430939821294,0.4264202600958248
0.011841963612875444,0.4264202600958248
0.011841963612875444,0.42950034223134836
0.011949617827537949,0.42950034223134836
0.011949617827537949,0.43018480492813144
0.011949617827537949,0.43086926762491445
0.011949617827537949,0.43155373032169747
0.012057272042200452,0.43155373032169747
0.012057272042200452,0.4329226557152635
0.012164926256862956,0.4329226557152635
0.012164926256862956,0.4336071184120465
0.012272580471525461,0.4336071184120465
0.012272580471525461,0.43394934976043803
0.012487888900850468,0.43394934976043803
0.012487888900850468,0.4353182751540041
0.012703197330175477,0.4353182751540041
0.012703197330175477,0.43634496919917864
0.01281085154483798,0.43634496919917864
0.01281085154483798,0.43668720054757015
0.013026159974162989,0.43668720054757015
0.013026159974162989,0.43737166324435317
0.013133814188825492,0.43737166324435317
0.013133814188825492,0.4383983572895277
0.013241468403487996,0.4383983572895277
0.013241468403487996,0.43874058863791926
0.013349122618150501,0.43874058863791926
0.013349122618150501,0.43908281998631077
0.013456776832813004,0.43908281998631077
0.013456776832813004,0.4404517453798768
0.013564431047475508,0.4404517453798768
0.013564431047475508,0.4407939767282683
0.013779739476800517,0.4407939767282683
0.013779739476800517,0.4411362080766598
0.01388739369146302,0.4411362080766598
0.01388739369146302,0.4414784394250513
0.014102702120788029,0.4414784394250513
0.014102702120788029,0.44216290212183434
0.014210356335450532,0.44216290212183434
0.014210356335450532,0.4431895961670089
0.014318010550113038,0.4431895961670089
0.014318010550113038,0.4455852156057495
0.014425664764775541,0.4455852156057495
0.014425664764775541,0.4462696783025325
0.014533318979438044,0.4462696783025325
0.014533318979438044,0.446611909650924
0.01464097319410055,0.446611909650924
0.01464097319410055,0.44969199178644764
0.014963935838088062,0.44969199178644764
0.014963935838088062,0.4520876112251882
0.015071590052750565,0.4520876112251882
0.015071590052750565,0.45242984257357977
0.015179244267413069,0.45242984257357977
0.015179244267413069,0.4527720739219713
0.015286898482075574,0.4527720739219713
0.015286898482075574,0.4531143052703628
0.015394552696738078,0.4531143052703628
0.015394552696738078,0.45619438740588636
0.0160404779847131,0.45619438740588636
0.0160404779847131,0.45756331279945245
0.01625578641403811,0.45756331279945245
0.01625578641403811,0.45790554414784396
0.016363440628700612,0.45790554414784396
0.016363440628700612,0.4603011635865845
0.016471094843363118,0.4603011635865845
0.016471094843363118,0.460643394934976
0.01679405748735063,0.460643394934976
0.01679405748735063,0.46132785763175904
0.016901711702013135,0.46132785763175904
0.016901711702013135,0.4623545516769336
0.017117020131338142,0.4623545516769336
0.017117020131338142,0.46269678302532513
0.017224674346000647,0.46269678302532513
0.017224674346000647,0.46303901437371664
0.017439982775325654,0.46303901437371664
0.017439982775325654,0.46611909650924027
0.01754763698998816,0.46611909650924027
0.01754763698998816,0.4671457905544148
0.01765529120465066,0.4671457905544148
0.01765529120465066,0.4681724845995893
0.017978253848638173,0.4681724845995893
0.017978253848638173,0.46885694729637234
0.01808590806330068,0.46885694729637234
0.01808590806330068,0.46919917864476385
0.018193562277963184,0.46919917864476385
0.018193562277963184,0.46954140999315536
0.018301216492625685,0.46954140999315536
0.018301216492625685,0.472621492128679
0.01840887070728819,0.472621492128679
0.01840887070728819,0.473305954825462
0.018624179136613198,0.473305954825462
0.018624179136613198,0.47433264887063653
0.018731833351275703,0.47433264887063653
0.018731833351275703,0.47467488021902804
0.018839487565938208,0.47467488021902804
0.018839487565938208,0.4750171115674196
0.019054795995263215,0.4750171115674196
0.019054795995263215,0.47741273100616016
0.019270104424588222,0.47741273100616016
0.019270104424588222,0.47775496235455167
0.019377758639250727,0.47775496235455167
0.019377758639250727,0.4784394250513347
0.019485412853913232,0.4784394250513347
0.019485412853913232,0.4801505817932923
0.019808375497900745,0.4801505817932923
0.019808375497900745,0.4815195071868583
0.019916029712563246,0.4815195071868583
0.019916029712563246,0.48288843258042435
0.02023899235655076,0.48288843258042435
0.02023899235655076,0.48323066392881586
0.020346646571213264,0.48323066392881586
0.020346646571213264,0.4839151266255989
0.020454300785875765,0.4839151266255989
0.020454300785875765,0.48459958932238195
0.02056195500053827,0.48459958932238195
0.02056195500053827,0.4856262833675565
0.020669609215200776,0.4856262833675565
0.020669609215200776,0.486652977412731
0.020777263429863278,0.486652977412731
0.020777263429863278,0.48767967145790553
0.020992571859188288,0.48767967145790553
0.020992571859188288,0.48973305954825463
0.0213155345031758,0.48973305954825463
0.0213155345031758,0.49075975359342916
0.021530842932500807,0.49075975359342916
0.021530842932500807,0.49110198494182067
0.02185380557648832,0.49110198494182067
0.02185380557648832,0.4914442162902122
0.021961459791150825,0.4914442162902122
0.021961459791150825,0.4921286789869952
0.02217676822047583,0.4921286789869952
0.02217676822047583,0.4934976043805613
0.022284422435138337,0.4934976043805613
0.022284422435138337,0.49555099247091033
0.02239207664980084,0.49555099247091033
0.02239207664980084,0.49589322381930184
0.02293034772311336,0.49589322381930184
0.02293034772311336,0.49657768651608486
0.023038001937775863,0.49657768651608486
0.023038001937775863,0.4972621492128679
0.023145656152438368,0.4972621492128679
0.023145656152438368,0.49828884325804246
0.023253310367100873,0.49828884325804246
0.023253310367100873,0.5
0.023360964581763375,0.5
0.023360964581763375,0.500684462696783
0.02346861879642588,0.500684462696783
0.02346861879642588,0.5017111567419575
0.023576273011088385,0.5017111567419575
0.023576273011088385,0.5023956194387406
0.023683927225750887,0.5023956194387406
0.023683927225750887,0.5030800821355236
0.023791581440413392,0.5030800821355236
0.023791581440413392,0.5037645448323066
0.023899235655075898,0.5037645448323066
0.023899235655075898,0.5041067761806981
0.0240068898697384,0.5041067761806981
0.0240068898697384,0.5051334702258727
0.024114544084400905,0.5051334702258727
0.024114544084400905,0.5058179329226558
0.02422219829906341,0.5058179329226558
0.02422219829906341,0.5061601642710473
0.02432985251372591,0.5061601642710473
0.02432985251372591,0.5065023956194388
0.024652815157713424,0.5065023956194388
0.024652815157713424,0.5078713210130048
0.02476046937237593,0.5078713210130048
0.02476046937237593,0.5082135523613963
0.02508343201636344,0.5082135523613963
0.02508343201636344,0.5088980150581793
0.025298740445688448,0.5088980150581793
0.025298740445688448,0.5092402464065708
0.025406394660350953,0.5092402464065708
0.025406394660350953,0.5112936344969199
0.02551404887501346,0.5112936344969199
0.02551404887501346,0.5160848733744011
0.02562170308967596,0.5160848733744011
0.02562170308967596,0.5164271047227926
0.025729357304338465,0.5164271047227926
0.025729357304338465,0.5167693360711841
0.02615997416298848,0.5167693360711841
0.02615997416298848,0.5191649555099247
0.026267628377650985,0.5191649555099247
0.026267628377650985,0.5208761122518822
0.026590591021638497,0.5208761122518822
0.026590591021638497,0.5225872689938398
0.026805899450963504,0.5225872689938398
0.026805899450963504,0.5232717316906229
0.02691355366562601,0.5232717316906229
0.02691355366562601,0.5236139630390144
0.027128862094951016,0.5236139630390144
0.027128862094951016,0.5246406570841889
0.02723651630961352,0.5246406570841889
0.02723651630961352,0.526009582477755
0.027344170524276026,0.526009582477755
0.027344170524276026,0.5263518138261465
0.02766713316826354,0.5263518138261465
0.02766713316826354,0.526694045174538
0.02777478738292604,0.526694045174538
0.02777478738292604,0.5277207392197125
0.027882441597588545,0.5277207392197125
0.027882441597588545,0.528062970568104
0.028097750026913552,0.528062970568104
0.028097750026913552,0.5284052019164955
0.028743675314888577,0.5284052019164955
0.028743675314888577,0.528747433264887
0.028851329529551082,0.528747433264887
0.028851329529551082,0.5290896646132786
0.028958983744213587,0.5290896646132786
0.028958983744213587,0.5297741273100616
0.029174292173538594,0.5297741273100616
0.029174292173538594,0.5304585900068446
0.0293896006028636,0.5304585900068446
0.0293896006028636,0.5308008213552361
0.02982021746151362,0.5308008213552361
0.02982021746151362,0.5311430527036276
0.030250834320163636,0.5311430527036276
0.030250834320163636,0.5314852840520191
0.030358488534826138,0.5314852840520191
0.030358488534826138,0.5318275154004107
0.030466142749488643,0.5318275154004107
0.030466142749488643,0.5328542094455853
0.030573796964151148,0.5328542094455853
0.030573796964151148,0.5349075975359343
0.03068145117881365,0.5349075975359343
0.03068145117881365,0.5355920602327173
0.030789105393476155,0.5355920602327173
0.030789105393476155,0.5369609856262834
0.031004413822801162,0.5369609856262834
0.031004413822801162,0.5376454483230664
0.031112068037463667,0.5376454483230664
0.031112068037463667,0.5386721423682409
0.031219722252126172,0.5386721423682409
0.031219722252126172,0.5390143737166324
0.031435030681451176,0.5390143737166324
0.031435030681451176,0.5393566050650239
0.031542684896113685,0.5393566050650239
0.031542684896113685,0.5414099931553731
0.0318656475401012,0.5414099931553731
0.0318656475401012,0.5417522245037646
0.0319733017547637,0.5417522245037646
0.0319733017547637,0.5424366872005476
0.0320809559694262,0.5424366872005476
0.0320809559694262,0.5441478439425051
0.03218861018408871,0.5441478439425051
0.03218861018408871,0.5444900752908967
0.03229626439875121,0.5444900752908967
0.03229626439875121,0.5448323066392882
0.03261922704273872,0.5448323066392882
0.03261922704273872,0.5455167693360712
0.032726881257401225,0.5455167693360712
0.032726881257401225,0.5458590006844627
0.032942189686726235,0.5458590006844627
0.032942189686726235,0.5472279260780287
0.033157498116051246,0.5472279260780287
0.033157498116051246,0.5475701574264202
0.03326515233071375,0.5475701574264202
0.03326515233071375,0.5485968514715948
0.03348046076003876,0.5485968514715948
0.03348046076003876,0.5496235455167693
0.03369576918936376,0.5496235455167693
0.03369576918936376,0.5499657768651608
0.03380342340402627,0.5499657768651608
0.03380342340402627,0.5513347022587269
0.03391107761868877,0.5513347022587269
0.03391107761868877,0.5516769336071184
0.03412638604801378,0.5516769336071184
0.03412638604801378,0.552703627652293
0.034341694477338786,0.552703627652293
0.034341694477338786,0.553388090349076
0.034557002906663796,0.553388090349076
0.034557002906663796,0.554072553045859
0.0346646571213263,0.554072553045859
0.0346646571213263,0.5550992470910335
0.034772311335988806,0.5550992470910335
0.034772311335988806,0.555441478439425
0.03487996555065131,0.555441478439425
0.03487996555065131,0.5557837097878165
0.03509527397997632,0.5557837097878165
0.03509527397997632,0.5561259411362081
0.03531058240930132,0.5561259411362081
0.03531058240930132,0.5568104038329911
0.035633545053288834,0.5568104038329911
0.035633545053288834,0.5574948665297741
0.03574119926795134,0.5574948665297741
0.03574119926795134,0.5578370978781656
0.035848853482613845,0.5578370978781656
0.035848853482613845,0.5592060232717317
0.035956507697276346,0.5592060232717317
0.035956507697276346,0.5595482546201233
0.036064161911938855,0.5595482546201233
0.036064161911938855,0.5602327173169063
0.03627947034126386,0.5602327173169063
0.03627947034126386,0.5626283367556468
0.03660243298525137,0.5626283367556468
0.03660243298525137,0.5633127994524298
0.03692539562923888,0.5633127994524298
0.03692539562923888,0.5639972621492129
0.03703304984390139,0.5639972621492129
0.03703304984390139,0.5646817248459959
0.03714070405856389,0.5646817248459959
0.03714070405856389,0.5667351129363449
0.037248358273226395,0.5667351129363449
0.037248358273226395,0.5670773442847364
0.037356012487888904,0.5670773442847364
0.037356012487888904,0.567419575633128
0.037463666702551406,0.567419575633128
0.037463666702551406,0.5677618069815195
0.03757132091721391,0.5677618069815195
0.03757132091721391,0.5687885010266941
0.037678975131876416,0.5687885010266941
0.037678975131876416,0.5691307323750856
0.03810959199052643,0.5691307323750856
0.03810959199052643,0.5701574264202601
0.03821724620518893,0.5701574264202601
0.03821724620518893,0.5708418891170431
0.03843255463451394,0.5708418891170431
0.03843255463451394,0.5718685831622177
0.038540208849176444,0.5718685831622177
0.038540208849176444,0.5732375085557837
0.03864786306383895,0.5732375085557837
0.03864786306383895,0.5746064339493497
0.038755517278501454,0.5746064339493497
0.038755517278501454,0.5749486652977412
0.038863171493163956,0.5749486652977412
0.038863171493163956,0.5770020533880903
0.038970825707826465,0.5770020533880903
0.038970825707826465,0.5773442847364819
0.039078479922488966,0.5773442847364819
0.039078479922488966,0.5780287474332649
0.03929378835181398,0.5780287474332649
0.03929378835181398,0.578713210130048
0.03950909678113898,0.578713210130048
0.03950909678113898,0.5790554414784395
0.03961675099580149,0.5790554414784395
0.03961675099580149,0.579397672826831
0.03983205942512649,0.579397672826831
0.03983205942512649,0.5797399041752225
0.039939713639788994,0.5797399041752225
0.039939713639788994,0.5804243668720055
0.040370330498439015,0.5804243668720055
0.040370330498439015,0.58145106091718
0.04047798471310152,0.58145106091718
0.04047798471310152,0.5835044490075291
0.04058563892776402,0.5835044490075291
0.04058563892776402,0.5845311430527036
0.04069329314242653,0.5845311430527036
0.04069329314242653,0.5862422997946611
0.04101625578641404,0.5862422997946611
0.04101625578641404,0.5865845311430528
0.04112391000107654,0.5865845311430528
0.04112391000107654,0.5869267624914443
0.04123156421573904,0.5869267624914443
0.04123156421573904,0.5879534565366188
0.04144687264506405,0.5879534565366188
0.04144687264506405,0.5886379192334018
0.041769835289051566,0.5886379192334018
0.041769835289051566,0.5906913073237509
0.04187748950371407,0.5906913073237509
0.04187748950371407,0.5910335386721424
0.041985143718376576,0.5910335386721424
0.041985143718376576,0.5920602327173169
0.04252341479168909,0.5920602327173169
0.04252341479168909,0.5927446954140999
0.0426310690063516,0.5927446954140999
0.0426310690063516,0.5934291581108829
0.0427387232210141,0.5934291581108829
0.0427387232210141,0.5937713894592744
0.042846377435676604,0.5937713894592744
0.042846377435676604,0.5941136208076659
0.043169340079664116,0.5941136208076659
0.043169340079664116,0.5944558521560575
0.043384648508989127,0.5944558521560575
0.043384648508989127,0.594798083504449
0.04370761115297664,0.594798083504449
0.04370761115297664,0.5951403148528405
0.04381526536763914,0.5951403148528405
0.04381526536763914,0.5965092402464066
0.04392291958230165,0.5965092402464066
0.04392291958230165,0.5975359342915811
0.044461190655614165,0.5975359342915811
0.044461190655614165,0.5978781656399726
0.044891807514264186,0.5978781656399726
0.044891807514264186,0.5985626283367557
0.0454300785875767,0.5985626283367557
0.0454300785875767,0.5989048596851472
0.04553773280223921,0.5989048596851472
0.04553773280223921,0.5992470910335387
0.045753041231564213,0.5992470910335387
0.045753041231564213,0.6002737850787132
0.04586069544622672,0.6002737850787132
0.04586069544622672,0.6013004791238877
0.045968349660889224,0.6013004791238877
0.045968349660889224,0.6026694045174538
0.046183658090214234,0.6026694045174538
0.046183658090214234,0.6036960985626283
0.04661427494886425,0.6036960985626283
0.04661427494886425,0.6040383299110198
0.04672192916352675,0.6040383299110198
0.04672192916352675,0.6043805612594113
0.04682958337818926,0.6043805612594113
0.04682958337818926,0.6050650239561944
0.04704489180751426,0.6050650239561944
0.04704489180751426,0.606091718001369
0.04747550866616428,0.606091718001369
0.04747550866616428,0.606776180698152
0.047583162880826785,0.606776180698152
0.047583162880826785,0.6078028747433265
0.04769081709548929,0.6078028747433265
0.04769081709548929,0.608145106091718
0.0480137797394768,0.608145106091718
0.0480137797394768,0.608829568788501
0.04822908816880181,0.608829568788501
0.04822908816880181,0.609514031485284
0.04855205081278932,0.609514031485284
0.04855205081278932,0.6105407255304586
0.04865970502745182,0.6105407255304586
0.04865970502745182,0.6108829568788501
0.049090321886101844,0.6108829568788501
0.049090321886101844,0.6115674195756331
0.04930563031542685,0.6115674195756331
0.04930563031542685,0.6125941136208076
0.04952093874475186,0.6125941136208076
0.04952093874475186,0.6129363449691991
0.04973624717407687,0.6129363449691991
0.04973624717407687,0.6136208076659821
0.04984390138873937,0.6136208076659821
0.04984390138873937,0.6149897330595483
0.05016686403272688,0.6149897330595483
0.05016686403272688,0.6153319644079398
0.050274518247389384,0.6153319644079398
0.050274518247389384,0.6156741957563313
0.050597480891376896,0.6156741957563313
0.050597480891376896,0.6160164271047228
0.050705135106039405,0.6160164271047228
0.050705135106039405,0.6163586584531143
0.05081278932070191,0.6163586584531143
0.05081278932070191,0.6173853524982889
0.05092044353536441,0.6173853524982889
0.05092044353536441,0.6184120465434634
0.05135106039401442,0.6184120465434634
0.05135106039401442,0.6197809719370294
0.05145871460867693,0.6197809719370294
0.05145871460867693,0.6211498973305954
0.05156636882333943,0.6211498973305954
0.05156636882333943,0.621492128678987
0.05178167725266444,0.621492128678987
0.05178167725266444,0.6225188227241615
0.05221229411131446,0.6225188227241615
0.05221229411131446,0.6228610540725531
0.05253525675530197,0.6228610540725531
0.05253525675530197,0.6232032854209446
0.05264291096996447,0.6232032854209446
0.05264291096996447,0.6245722108145106
0.05275056518462698,0.6245722108145106
0.05275056518462698,0.6252566735112937
0.05307352782861449,0.6252566735112937
0.05307352782861449,0.6255989048596852
0.053181182043276994,0.6255989048596852
0.053181182043276994,0.6266255989048597
0.053288836257939495,0.6266255989048597
0.053288836257939495,0.6269678302532512
0.053504144687264506,0.6269678302532512
0.053504144687264506,0.6273100616016427
0.05361179890192701,0.6273100616016427
0.05361179890192701,0.6276522929500342
0.05382710733125202,0.6276522929500342
0.05382710733125202,0.6297056810403833
0.05393476154591452,0.6297056810403833
0.05393476154591452,0.6300479123887748
0.05404241576057703,0.6300479123887748
0.05404241576057703,0.6303901437371663
0.05425772418990203,0.6303901437371663
0.05425772418990203,0.6317590691307323
0.05468834104855205,0.6317590691307323
0.05468834104855205,0.6321013004791239
0.054795995263214554,0.6321013004791239
0.054795995263214554,0.6324435318275154
0.055011303692539565,0.6324435318275154
0.055011303692539565,0.632785763175907
0.05544192055118958,0.632785763175907
0.05544192055118958,0.63347022587269
0.05576488319517709,0.63347022587269
0.05576488319517709,0.6344969199178645
0.0560878458391646,0.6344969199178645
0.0560878458391646,0.634839151266256
0.056410808483152115,0.634839151266256
0.056410808483152115,0.6372347707049966
0.05651846269781462,0.6372347707049966
0.05651846269781462,0.6375770020533881
0.05684142534180213,0.6375770020533881
0.05684142534180213,0.6409993155373033
0.05716438798578964,0.6409993155373033
0.05716438798578964,0.6427104722792608
0.057702659059102164,0.6427104722792608
0.057702659059102164,0.6440793976728268
0.057917967488427174,0.6440793976728268
0.057917967488427174,0.6444216290212184
0.05813327591775218,0.6444216290212184
0.05813327591775218,0.6454483230663929
0.05824093013241469,0.6454483230663929
0.05824093013241469,0.6457905544147844
0.05834858434707719,0.6457905544147844
0.05834858434707719,0.6461327857631759
0.05845623856173969,0.6461327857631759
0.05845623856173969,0.6468172484599589
0.0585638927764022,0.6468172484599589
0.0585638927764022,0.6471594798083504
0.0586715469910647,0.6471594798083504
0.0586715469910647,0.6475017111567419
0.05888685542038971,0.6475017111567419
0.05888685542038971,0.648186173853525
0.05899450963505221,0.648186173853525
0.05899450963505221,0.6492128678986995
0.05942512649370223,0.6492128678986995
0.05942512649370223,0.6516084873374401
0.06028636021100226,0.6516084873374401
0.06028636021100226,0.6533196440793977
0.06050166864032727,0.6533196440793977
0.06050166864032727,0.6536618754277892
0.060716977069652275,0.6536618754277892
0.060716977069652275,0.6540041067761807
0.060824631284314784,0.6540041067761807
0.060824631284314784,0.6546885694729637
0.061147593928302296,0.6546885694729637
0.061147593928302296,0.6550308008213552
0.0612552481429648,0.6550308008213552
0.0612552481429648,0.6553730321697467
0.0613629023576273,0.6553730321697467
0.0613629023576273,0.6563997262149213
0.062008827645602324,0.6563997262149213
0.062008827645602324,0.6570841889117043
0.06211648186026483,0.6570841889117043
0.06211648186026483,0.6577686516084873
0.06254709871891484,0.6577686516084873
0.06254709871891484,0.6581108829568788
0.06287006136290235,0.6581108829568788
0.06287006136290235,0.6587953456536618
0.06297771557756486,0.6587953456536618
0.06297771557756486,0.6591375770020534
0.06319302400688986,0.6591375770020534
0.06319302400688986,0.6598220396988365
0.06340833243621488,0.6598220396988365
0.06340833243621488,0.6605065023956195
0.06426956615351491,0.6605065023956195
0.06426956615351491,0.6611909650924025
0.06448487458283991,0.6611909650924025
0.06448487458283991,0.661533196440794
0.06470018301216493,0.661533196440794
0.06470018301216493,0.662217659137577
0.06480783722682742,0.662217659137577
0.06480783722682742,0.6625598904859685
0.06502314565615244,0.6625598904859685
0.06502314565615244,0.66290212183436
0.06545376251480245,0.66290212183436
0.06545376251480245,0.6632443531827515
0.06566907094412747,0.6632443531827515
0.06566907094412747,0.663586584531143
0.06588437937345247,0.663586584531143
0.06588437937345247,0.6646132785763176
0.06631499623210249,0.6646132785763176
0.06631499623210249,0.6649555099247091
0.0665303046614275,0.6649555099247091
0.0665303046614275,0.6652977412731006
0.06696092152007752,0.6652977412731006
0.06696092152007752,0.6656399726214921
0.06706857573474001,0.6656399726214921
0.06706857573474001,0.6659822039698836
0.06717622994940252,0.6659822039698836
0.06717622994940252,0.6673511293634496
0.06728388416406503,0.6673511293634496
0.06728388416406503,0.6676933607118412
0.06739153837872752,0.6676933607118412
0.06739153837872752,0.6687200547570158
0.06749919259339003,0.6687200547570158
0.06749919259339003,0.6697467488021903
0.06792980945204005,0.6697467488021903
0.06792980945204005,0.6700889801505818
0.06836042631069006,0.6700889801505818
0.06836042631069006,0.6704312114989733
0.06846808052535257,0.6704312114989733
0.06846808052535257,0.6707734428473648
0.06857573474001508,0.6707734428473648
0.06857573474001508,0.6711156741957564
0.06868338895467757,0.6711156741957564
0.06868338895467757,0.6714579055441479
0.06879104316934008,0.6714579055441479
0.06879104316934008,0.6728268309377139
0.06889869738400259,0.6728268309377139
0.06889869738400259,0.6738535249828884
0.06900635159866508,0.6738535249828884
0.06900635159866508,0.6741957563312799
0.0692216600279901,0.6741957563312799
0.0692216600279901,0.675564681724846
0.0693293142426526,0.675564681724846
0.0693293142426526,0.6759069130732375
0.0694369684573151,0.6759069130732375
0.0694369684573151,0.676249144421629
0.07008289374529013,0.676249144421629
0.07008289374529013,0.676933607118412
0.07019054795995264,0.676933607118412
0.07019054795995264,0.6772758384668036
0.07040585638927764,0.6772758384668036
0.07040585638927764,0.6783025325119781
0.07094412746259016,0.6783025325119781
0.07094412746259016,0.6786447638603696
0.07105178167725267,0.6786447638603696
0.07105178167725267,0.6789869952087612
0.07126709010657767,0.6789869952087612
0.07126709010657767,0.6796714579055442
0.07148239853590269,0.6796714579055442
0.07148239853590269,0.6800136892539357
0.07169770696522769,0.6800136892539357
0.07169770696522769,0.6803559206023272
0.0718053611798902,0.6803559206023272
0.0718053611798902,0.6806981519507187
0.0722359780385402,0.6806981519507187
0.0722359780385402,0.6810403832991102
0.07234363225320271,0.6810403832991102
0.07234363225320271,0.6817248459958932
0.07245128646786522,0.6817248459958932
0.07245128646786522,0.6820670773442847
0.07309721175584025,0.6820670773442847
0.07309721175584025,0.6827515400410678
0.07320486597050274,0.6827515400410678
0.07320486597050274,0.6830937713894593
0.07352782861449025,0.6830937713894593
0.07352782861449025,0.6834360027378508
0.07374313704381527,0.6834360027378508
0.07374313704381527,0.6841204654346338
0.07385079125847777,0.6841204654346338
0.07385079125847777,0.6844626967830253
0.07395844547314027,0.6844626967830253
0.07395844547314027,0.6848049281314168
0.07417375390246528,0.6848049281314168
0.07417375390246528,0.6851471594798083
0.0746043707611153,0.6851471594798083
0.0746043707611153,0.6858316221765913
0.07471202497577781,0.6858316221765913
0.07471202497577781,0.6872005475701575
0.0748196791904403,0.6872005475701575
0.0748196791904403,0.6878850102669405
0.07492733340510281,0.6878850102669405
0.07492733340510281,0.6885694729637235
0.07525029604909032,0.6885694729637235
0.07525029604909032,0.6892539356605065
0.07546560447841533,0.6892539356605065
0.07546560447841533,0.689596167008898
0.07578856712240284,0.689596167008898
0.07578856712240284,0.6899383983572895
0.07589622133706535,0.6899383983572895
0.07589622133706535,0.690280629705681
0.07600387555172786,0.690280629705681
0.07600387555172786,0.6909650924024641
0.07621918398105286,0.6909650924024641
0.07621918398105286,0.6913073237508556
0.07632683819571537,0.6913073237508556
0.07632683819571537,0.6916495550992471
0.07654214662504037,0.6916495550992471
0.07654214662504037,0.6926762491444216
0.07675745505436538,0.6926762491444216
0.07675745505436538,0.6930184804928131
0.0771880719130154,0.6930184804928131
0.0771880719130154,0.6933607118412046
0.07751103455700291,0.6933607118412046
0.07751103455700291,0.6937029431895961
0.07783399720099042,0.6937029431895961
0.07783399720099042,0.6943874058863791
0.07804930563031542,0.6943874058863791
0.07804930563031542,0.6947296372347707
0.07826461405964044,0.6947296372347707
0.07826461405964044,0.6950718685831622
0.07837226827430294,0.6950718685831622
0.07837226827430294,0.6957563312799453
0.07891053934761547,0.6957563312799453
0.07891053934761547,0.6960985626283368
0.07923350199160298,0.6960985626283368
0.07923350199160298,0.6967830253251198
0.07944881042092798,0.6967830253251198
0.07944881042092798,0.6974674880219028
0.07955646463559048,0.6974674880219028
0.07955646463559048,0.6978097193702943
0.07966411885025299,0.6978097193702943
0.07966411885025299,0.6984941820670774
0.07987942727957799,0.6984941820670774
0.07987942727957799,0.6991786447638604
0.0799870814942405,0.6991786447638604
0.0799870814942405,0.6995208761122519
0.08031004413822801,0.6995208761122519
0.08031004413822801,0.6998631074606434
0.08106362364086554,0.6998631074606434
0.08106362364086554,0.7002053388090349
0.08127893207019055,0.7002053388090349
0.08127893207019055,0.7015742642026009
0.08214016578749057,0.7015742642026009
0.08214016578749057,0.702258726899384
0.08235547421681559,0.702258726899384
0.08235547421681559,0.70362765229295
0.0828937452901281,0.70362765229295
0.0828937452901281,0.7039698836413415
0.08300139950479062,0.7039698836413415
0.08300139950479062,0.704312114989733
0.08364732479276564,0.704312114989733
0.08364732479276564,0.7046543463381246
0.08375497900742813,0.7046543463381246
0.08375497900742813,0.7049965776865161
0.08397028743675315,0.7049965776865161
0.08397028743675315,0.7053388090349076
0.08407794165141565,0.7053388090349076
0.08407794165141565,0.7060232717316907
0.08461621272472818,0.7060232717316907
0.08461621272472818,0.7063655030800822
0.08472386693939067,0.7063655030800822
0.08472386693939067,0.7067077344284737
0.08504682958337818,0.7067077344284737
0.08504682958337818,0.7070499657768652
0.0852621380127032,0.7070499657768652
0.0852621380127032,0.7073921971252567
0.0853697922273657,0.7073921971252567
0.0853697922273657,0.7077344284736482
0.08590806330067823,0.7077344284736482
0.08590806330067823,0.7084188911704312
0.08612337173000323,0.7084188911704312
0.08612337173000323,0.7087611225188227
0.08655398858865325,0.7087611225188227
0.08655398858865325,0.7101300479123888
0.08666164280331574,0.7101300479123888
0.08666164280331574,0.7104722792607803
0.08698460544730326,0.7104722792607803
0.08698460544730326,0.7108145106091718
0.08709225966196577,0.7108145106091718
0.08709225966196577,0.7111567419575633
0.08719991387662827,0.7111567419575633
0.08719991387662827,0.7118412046543463
0.0880611475939283,0.7118412046543463
0.0880611475939283,0.7125256673511293
0.0882764560232533,0.7125256673511293
0.0882764560232533,0.7128678986995208
0.08849176445257832,0.7128678986995208
0.08849176445257832,0.7132101300479123
0.08892238131122833,0.7132101300479123
0.08892238131122833,0.7135523613963038
0.08913768974055335,0.7135523613963038
0.08913768974055335,0.7138945927446955
0.08946065238454086,0.7138945927446955
0.08946065238454086,0.714236824093087
0.08956830659920335,0.714236824093087
0.08956830659920335,0.7145790554414785
0.08999892345785337,0.7145790554414785
0.08999892345785337,0.71492128678987
0.09032188610184089,0.71492128678987
0.09032188610184089,0.7152635181382615
0.0906448487458284,0.7152635181382615
0.0906448487458284,0.7159479808350445
0.09118311981914091,0.7159479808350445
0.09118311981914091,0.7166324435318275
0.09139842824846593,0.7166324435318275
0.09139842824846593,0.7173169062286106
0.09225966196576596,0.7173169062286106
0.09225966196576596,0.7183436002737851
0.09247497039509096,0.7183436002737851
0.09247497039509096,0.7197125256673511
0.09258262460975347,0.7197125256673511
0.09258262460975347,0.7200547570157426
0.09279793303907848,0.7200547570157426
0.09279793303907848,0.7203969883641341
0.09301324146840349,0.7203969883641341
0.09301324146840349,0.7210814510609171
0.0932285498977285,0.7210814510609171
0.0932285498977285,0.7221081451060917
0.09365916675637852,0.7221081451060917
0.09365916675637852,0.7224503764544832
0.09376682097104101,0.7224503764544832
0.09376682097104101,0.7227926078028748
0.09419743782969103,0.7227926078028748
0.09419743782969103,0.7231348391512663
0.09430509204435354,0.7231348391512663
0.09430509204435354,0.7234770704996578
0.09484336311766606,0.7234770704996578
0.09484336311766606,0.7238193018480493
0.09495101733232857,0.7238193018480493
0.09495101733232857,0.7241615331964408
0.09516632576165357,0.7241615331964408
0.09516632576165357,0.7248459958932238
0.09538163419097857,0.7248459958932238
0.09538163419097857,0.7251882272416154
0.09570459683496609,0.7251882272416154
0.09570459683496609,0.7255304585900069
0.0958122510496286,0.7255304585900069
0.0958122510496286,0.7262149212867899
0.0959199052642911,0.7262149212867899
0.0959199052642911,0.7265571526351814
0.09667348476692862,0.7265571526351814
0.09667348476692862,0.7272416153319644
0.09688879319625364,0.7272416153319644
0.09688879319625364,0.7275838466803559
0.09721175584024115,0.7275838466803559
0.09721175584024115,0.7279260780287474
0.09764237269889116,0.7279260780287474
0.09764237269889116,0.728952772073922
0.09775002691355367,0.728952772073922
0.09775002691355367,0.729637234770705
0.09818064377220369,0.729637234770705
0.09818064377220369,0.7299794661190965
0.09839595220152869,0.7299794661190965
0.09839595220152869,0.730321697467488
0.09893422327484121,0.730321697467488
0.09893422327484121,0.7306639288158795
0.09914953170416622,0.7306639288158795
0.09914953170416622,0.731690622861054
0.09925718591882872,0.731690622861054
0.09925718591882872,0.7320328542094456
0.09968780277747874,0.7320328542094456
0.09968780277747874,0.7323750855578371
0.09979545699214125,0.7323750855578371
0.09979545699214125,0.7327173169062287
0.09990311120680374,0.7327173169062287
0.09990311120680374,0.7330595482546202
0.10001076542146625,0.7330595482546202
0.10001076542146625,0.7334017796030117
0.10033372806545376,0.7334017796030117
0.10033372806545376,0.7337440109514032
0.10044138228011627,0.7337440109514032
0.10044138228011627,0.7344284736481862
0.10054903649477877,0.7344284736481862
0.10054903649477877,0.7347707049965777
0.10065669070944128,0.7347707049965777
0.10065669070944128,0.7351129363449692
0.1013026159974163,0.7351129363449692
0.1013026159974163,0.7354551676933607
0.10184088707072882,0.7354551676933607
0.10184088707072882,0.7361396303901437
0.10216384971471633,0.7361396303901437
0.10216384971471633,0.7371663244353183
0.10237915814404133,0.7371663244353183
0.10248681235870384,0.7371663244353183
0.10248681235870384,0.7378507871321013
0.10313273764667887,0.7378507871321013
0.10313273764667887,0.7381930184804928
0.10334804607600387,0.7381930184804928
0.10334804607600387,0.7385352498288843
0.10345570029066638,0.7385352498288843
0.10345570029066638,0.7388774811772758
0.10367100871999138,0.7388774811772758
0.10367100871999138,0.7395619438740588
0.10377866293465389,0.7395619438740588
0.10377866293465389,0.7399041752224503
0.10420927979330391,0.7399041752224503
0.10420927979330391,0.7405886379192334
0.10463989665195392,0.7405886379192334
0.10463989665195392,0.7412731006160165
0.10496285929594143,0.7412731006160165
0.10496285929594143,0.742299794661191
0.10571643879857896,0.742299794661191
0.10571643879857896,0.7426420260095825
0.10582409301324147,0.7426420260095825
0.10582409301324147,0.742984257357974
0.10593174722790397,0.742984257357974
0.10593174722790397,0.7440109514031485
0.10711594358919152,0.7440109514031485
0.10711594358919152,0.7446954140999316
0.10830013995047906,0.7446954140999316
0.10830013995047906,0.7450376454483231
0.10873075680912908,0.7450376454483231
0.10873075680912908,0.7453798767967146
0.10894606523845408,0.7453798767967146
0.10894606523845408,0.7457221081451061
0.11013026159974162,0.7457221081451061
0.11013026159974162,0.7460643394934976
0.11056087845839165,0.7460643394934976
0.11056087845839165,0.7464065708418891
0.11066853267305415,0.7464065708418891
0.11066853267305415,0.7467488021902806
0.11131445796102918,0.7467488021902806
0.11131445796102918,0.7470910335386721
0.11142211217569167,0.7470910335386721
0.11142211217569167,0.7474332648870636
0.11163742060501669,0.7474332648870636
0.11163742060501669,0.7477754962354551
0.11174507481967919,0.7477754962354551
0.11174507481967919,0.7481177275838466
0.1119603832490042,0.7481177275838466
0.1119603832490042,0.7488021902806297
0.1121756916783292,0.7488021902806297
0.1121756916783292,0.7491444216290212
0.11249865432231672,0.7491444216290212
0.11249865432231672,0.7494866529774127
0.11271396275164172,0.7494866529774127
0.11271396275164172,0.7498288843258042
0.11303692539562923,0.7498288843258042
0.11303692539562923,0.7505133470225873
0.11314457961029174,0.7505133470225873
0.11314457961029174,0.7508555783709788
0.11335988803961675,0.7508555783709788
0.11335988803961675,0.7511978097193703
0.11368285068360426,0.7511978097193703
0.11368285068360426,0.7518822724161534
0.11389815911292928,0.7518822724161534
0.11389815911292928,0.7522245037645449
0.11400581332759177,0.7522245037645449
0.11400581332759177,0.7529089664613279
0.11497470125955431,0.7529089664613279
0.11497470125955431,0.7535934291581109
0.11519000968887932,0.7535934291581109
0.11519000968887932,0.7539356605065024
0.11551297233286684,0.7539356605065024
0.11551297233286684,0.7546201232032854
0.11562062654752933,0.7546201232032854
0.11562062654752933,0.7549623545516769
0.11572828076219184,0.7549623545516769
0.11572828076219184,0.7553045859000684
0.11669716869415438,0.7553045859000684
0.11669716869415438,0.757015742642026
0.11723543976746689,0.757015742642026
0.1173430939821294,0.7573579739904175
0.11777371084077942,0.7573579739904175
0.11777371084077942,0.757700205338809
0.11831198191409194,0.757700205338809
0.11831198191409194,0.7580424366872005
0.11841963612875445,0.7580424366872005
0.11841963612875445,0.758384668035592
0.11895790720206696,0.758384668035592
0.11895790720206696,0.7587268993839835
0.11917321563139197,0.7587268993839835
0.11917321563139197,0.7600958247775497
0.11960383249004199,0.7600958247775497
0.11960383249004199,0.7604380561259412
0.1199267951340295,0.7604380561259412
0.1199267951340295,0.7611225188227242
0.12003444934869201,0.7611225188227242
0.12003444934869201,0.7621492128678987
0.1201421035633545,0.7621492128678987
0.1201421035633545,0.7628336755646817
0.12024975777801701,0.7628336755646817
0.12024975777801701,0.7642026009582478
0.12046506620734201,0.7642026009582478
0.12046506620734201,0.7645448323066393
0.12068037463666703,0.7645448323066393
0.12068037463666703,0.7652292950034223
0.12078802885132953,0.7652292950034223
0.12078802885132953,0.7662559890485968
0.12100333728065454,0.7662559890485968
0.12100333728065454,0.7669404517453798
0.12121864570997955,0.7669404517453798
0.12143395413930455,0.7669404517453798
0.12164926256862957,0.7669404517453798
0.12164926256862957,0.7672826830937713
0.12186457099795457,0.7672826830937713
0.12186457099795457,0.7679671457905544
0.12207987942727958,0.7679671457905544
0.12207987942727958,0.768309377138946
0.12229518785660459,0.768309377138946
0.12229518785660459,0.768993839835729
0.1225104962859296,0.768993839835729
0.1225104962859296,0.769678302532512
0.1227258047152546,0.769678302532512
0.1227258047152546,0.770362765229295
0.12294111314457962,0.770362765229295
0.12294111314457962,0.771047227926078
0.12337173000322962,0.771047227926078
0.12337173000322962,0.7720739219712526
0.12347938421789213,0.7720739219712526
0.12347938421789213,0.7724161533196441
0.12401765529120465,0.7724161533196441
0.12401765529120465,0.7727583846680356
0.12412530950586716,0.7727583846680356
0.12412530950586716,0.7731006160164271
0.12434061793519216,0.7731006160164271
0.12434061793519216,0.7734428473648186
0.12455592636451718,0.7734428473648186
0.12455592636451718,0.7741273100616016
0.12498654322316718,0.7741273100616016
0.12498654322316718,0.7744695414099931
0.12509419743782968,0.7744695414099931
0.12509419743782968,0.7751540041067762
0.1252018516524922,0.7751540041067762
0.1252018516524922,0.7754962354551677
0.12552481429647971,0.7754962354551677
0.12552481429647971,0.7758384668035592
0.1257401227258047,0.7758384668035592
0.1257401227258047,0.7761806981519507
0.12584777694046723,0.7761806981519507
0.12584777694046723,0.7772073921971252
0.12649370222844225,0.7772073921971252
0.12649370222844225,0.7775496235455168
0.12670901065776724,0.7775496235455168
0.12670901065776724,0.7778918548939083
0.12692431908709226,0.7778918548939083
0.12692431908709226,0.7782340862422998
0.12703197330175475,0.7782340862422998
0.12703197330175475,0.7785763175906913
0.12713962751641728,0.7785763175906913
0.12713962751641728,0.7792607802874744
0.12724728173107977,0.7792607802874744
0.12724728173107977,0.7796030116358659
0.12757024437506728,0.7796030116358659
0.12757024437506728,0.7799452429842574
0.1283238238777048,0.7799452429842574
0.1283238238777048,0.7802874743326489
0.12853913230702982,0.7802874743326489
0.12853913230702982,0.7806297056810404
0.1286467865216923,0.7806297056810404
0.1286467865216923,0.7816563997262149
0.12918505759500484,0.7816563997262149
0.12918505759500484,0.7823408624229979
0.12940036602432986,0.7823408624229979
0.12940036602432986,0.7826830937713894
0.13004629131230488,0.7826830937713894
0.13004629131230488,0.783709787816564
0.1307998708149424,0.783709787816564
0.1307998708149424,0.7840520191649555
0.13133814188825493,0.7840520191649555
0.13133814188825493,0.7847364818617385
0.13144579610291743,0.78507871321013
0.13144579610291743,0.785763175906913
0.13166110453224245,0.785763175906913
0.13166110453224245,0.7861054072553045
0.13176875874690494,0.7861054072553045
0.13176875874690494,0.7864476386036962
0.13241468403487996,0.7864476386036962
0.13241468403487996,0.7867898699520877
0.1329529551081925,0.7867898699520877
0.1329529551081925,0.7871321013004792
0.133060609322855,0.7871321013004792
0.133060609322855,0.7874743326488707
0.13413715146948002,0.7874743326488707
0.13413715146948002,0.7881587953456537
0.13446011411346753,0.7881587953456537
0.13446011411346753,0.7885010266940452
0.13467542254279255,0.7885010266940452
0.13467542254279255,0.7902121834360027
0.13499838518678006,0.7902121834360027
0.13499838518678006,0.7905544147843943
0.13510603940144256,0.7905544147843943
0.13510603940144256,0.7912388774811773
0.13532134783076757,0.7912388774811773
0.13532134783076757,0.7915811088295688
0.1355366562600926,0.7915811088295688
0.1355366562600926,0.7919233401779603
0.1358596189040801,0.7919233401779603
0.1358596189040801,0.7929500342231348
0.1360749273334051,0.7929500342231348
0.1360749273334051,0.7932922655715263
0.13650554419205513,0.7932922655715263
0.13650554419205513,0.7936344969199178
0.13672085262138012,0.7936344969199178
0.13672085262138012,0.7939767282683093
0.13790504898266767,0.7939767282683093
0.13790504898266767,0.7953456536618754
0.13822801162665518,0.7953456536618754
0.13822801162665518,0.795687885010267
0.1384433200559802,0.795687885010267
0.1384433200559802,0.79637234770705
0.1386586284853052,0.79637234770705
0.1386586284853052,0.7967145790554415
0.1387662826999677,0.7967145790554415
0.1387662826999677,0.7973990417522245
0.13908924534395523,0.7973990417522245
0.13908924534395523,0.797741273100616
0.13930455377328022,0.797741273100616
0.13930455377328022,0.7980835044490076
0.13951986220260523,0.7980835044490076
0.13951986220260523,0.7984257357973991
0.13962751641726773,0.7987679671457906
0.13973517063193025,0.7987679671457906
0.13973517063193025,0.7991101984941821
0.13995047906125524,0.7991101984941821
0.13995047906125524,0.7994524298425736
0.14005813327591776,0.7994524298425736
0.14005813327591776,0.7997946611909651
0.1410270212078803,0.7997946611909651
0.1410270212078803,0.8004791238877481
0.1412423296372053,0.8004791238877481
0.1412423296372053,0.8008213552361396
0.14178060071051782,0.8008213552361396
0.14178060071051782,0.8015058179329226
0.1418882549251803,0.8015058179329226
0.1418882549251803,0.8028747433264887
0.14274948864248035,0.8028747433264887
0.14274948864248035,0.8032169746748802
0.14285714285714285,0.8032169746748802
0.14285714285714285,0.8035592060232717
0.14307245128646787,0.8035592060232717
0.14307245128646787,0.8039014373716632
0.14328775971579288,0.8039014373716632
0.14328775971579288,0.8045859000684463
0.14350306814511787,0.8045859000684463
0.14350306814511787,0.8049281314168378
0.14501022715039294,0.8049281314168378
0.14501022715039294,0.8056125941136209
0.14522553557971796,0.8056125941136209
0.14522553557971796,0.8059548254620124
0.14554849822370547,0.8059548254620124
0.14554849822370547,0.8062970568104039
0.14565615243836796,0.8062970568104039
0.14565615243836796,0.8066392881587954
0.14597911508235548,0.8066392881587954
0.14597911508235548,0.8073237508555784
0.14608676929701797,0.8073237508555784
0.14608676929701797,0.8076659822039699
0.146302077726343,0.8076659822039699
0.146302077726343,0.8080082135523614
0.1466250403703305,0.8080082135523614
0.1466250403703305,0.8083504449007529
0.146732694584993,0.8083504449007529
0.146732694584993,0.8090349075975359
0.14716331144364303,0.8090349075975359
0.14716331144364303,0.8093771389459274
0.14759392830229304,0.8093771389459274
0.14759392830229304,0.809719370294319
0.14802454516094304,0.809719370294319
0.14802454516094304,0.810403832991102
0.14813219937560557,0.810403832991102
0.14813219937560557,0.811088295687885
0.14823985359026806,0.811088295687885
0.14823985359026806,0.8121149897330595
0.14867047044891807,0.8121149897330595
0.14867047044891807,0.812457221081451
0.1487781246635806,0.812457221081451
0.1487781246635806,0.813141683778234
0.14888577887824309,0.813141683778234
0.1491010873075681,0.813141683778234
0.1493163957368931,0.813141683778234
0.1493163957368931,0.8138261464750172
0.14942404995155562,0.8138261464750172
0.14942404995155562,0.8148528405201917
0.15017762945419313,0.8148528405201917
0.15017762945419313,0.8151950718685832
0.15028528366885563,0.8151950718685832
0.15028528366885563,0.8155373032169747
0.15060824631284314,0.8155373032169747
0.15060824631284314,0.8158795345653662
0.15071590052750566,0.8158795345653662
0.15071590052750566,0.8162217659137577
0.15082355474216816,0.8162217659137577
0.15082355474216816,0.8165639972621492
0.15146948003014318,0.8165639972621492
0.15146948003014318,0.8169062286105407
0.1516847884594682,0.8169062286105407
0.1516847884594682,0.8172484599589322
0.1519000968887932,0.8172484599589322
0.1519000968887932,0.8175906913073238
0.1520077511034557,0.8175906913073238
0.1520077511034557,0.8179329226557153
0.15276133060609323,0.8179329226557153
0.15276133060609323,0.8186173853524983
0.15297663903541825,0.8186173853524983
0.15297663903541825,0.8189596167008898
0.15329960167940576,0.8189596167008898
0.15329960167940576,0.8193018480492813
0.15416083539670578,0.8193018480492813
0.15416083539670578,0.8196440793976728
0.1545914522553558,0.8196440793976728
0.1545914522553558,0.8203285420944558
0.15523737754333083,0.8203285420944558
0.15523737754333083,0.8206707734428473
0.15545268597265582,0.8206707734428473
0.15545268597265582,0.8210130047912388
0.15566799440198084,0.8210130047912388
0.15566799440198084,0.8213552361396304
0.15652922811928088,0.8213552361396304
0.15652922811928088,0.8216974674880219
0.1569598449779309,0.8216974674880219
0.1569598449779309,0.8220396988364134
0.15706749919259338,0.8220396988364134
0.15706749919259338,0.8223819301848049
0.15868231241253095,0.8223819301848049
0.15868231241253095,0.8227241615331964
0.15943589191516847,0.8227241615331964
0.15943589191516847,0.823066392881588
0.160189471417806,0.823066392881588
0.160189471417806,0.8240930869267625
0.1602971256324685,0.8240930869267625
0.1602971256324685,0.824435318275154
0.16083539670578104,0.824435318275154
0.16083539670578104,0.8247775496235455
0.16094305092044353,0.8247775496235455
0.16094305092044353,0.8258042436687201
0.16115835934976855,0.8258042436687201
0.16115835934976855,0.8261464750171116
0.16126601356443104,0.8261464750171116
0.16126601356443104,0.8264887063655031
0.16180428463774357,0.8264887063655031
0.16180428463774357,0.8268309377138946
0.16191193885240607,0.8268309377138946
0.16191193885240607,0.8271731690622861
0.16201959306706856,0.8271731690622861
0.16201959306706856,0.8275154004106776
0.16212724728173109,0.8275154004106776
0.16212724728173109,0.8278576317590691
0.16384971471633114,0.8278576317590691
0.16384971471633114,0.8281998631074606
0.1650339110776187,0.8281998631074606
0.1650339110776187,0.8299110198494182
0.1655721821509312,0.8299110198494182
0.1655721821509312,0.8302532511978097
0.1658951447949187,0.8302532511978097
0.1658951447949187,0.8305954825462012
0.16611045322424373,0.8305954825462012
0.16611045322424373,0.8309377138945927
0.1676176122295188,0.8309377138945927
0.1676176122295188,0.8316221765913757
0.1677252664441813,0.8316221765913757
0.1677252664441813,0.8326488706365504
0.16923242544945635,0.8326488706365504
0.16923242544945635,0.8333333333333334
0.16944773387878134,0.8333333333333334
0.16955538809344387,0.8336755646817249
0.16987835073743138,0.8336755646817249
0.16987835073743138,0.8340177960301164
0.1702013133814189,0.8340177960301164
0.1702013133814189,0.8343600273785079
0.1710625470987189,0.8343600273785079
0.1710625470987189,0.8347022587268994
0.17127785552804392,0.8347022587268994
0.17127785552804392,0.8357289527720739
0.17160081817203143,0.8357289527720739
0.17160081817203143,0.836413415468857
0.17224674346000646,0.836413415468857
0.17224674346000646,0.8367556468172485
0.17235439767466895,0.8367556468172485
0.17235439767466895,0.83709787816564
0.1731079771773065,0.83709787816564
0.1731079771773065,0.8374401095140315
0.173215631391969,0.8374401095140315
0.1733232856066315,0.837782340862423
0.1733232856066315,0.838466803559206
0.173430939821294,0.838466803559206
0.173430939821294,0.839151266255989
0.17375390246528152,0.839151266255989
0.17375390246528152,0.8394934976043805
0.17386155667994402,0.8394934976043805
0.17386155667994402,0.839835728952772
0.17439982775325655,0.839835728952772
0.17439982775325655,0.8401779603011635
0.17450748196791904,0.8401779603011635
0.17450748196791904,0.8412046543463382
0.17461513618258154,0.8412046543463382
0.17461513618258154,0.8415468856947297
0.17526106147055656,0.8415468856947297
0.17526106147055656,0.8418891170431212
0.1757993325438691,0.8418891170431212
0.1757993325438691,0.8425735797399042
0.17590698675853159,0.8425735797399042
0.17590698675853159,0.8429158110882957
0.17752179997846915,0.8429158110882957
0.17752179997846915,0.8436002737850787
0.17773710840779416,0.8436002737850787
0.17773710840779416,0.8439425051334702
0.17795241683711918,0.8439425051334702
0.17795241683711918,0.8449691991786448
0.17816772526644417,0.8449691991786448
0.17816772526644417,0.8456536618754278
0.1787059963397567,0.8456536618754278
0.1787059963397567,0.8459958932238193
0.17935192162773173,0.8459958932238193
0.17935192162773173,0.8466803559206023
0.17945957584239422,0.8466803559206023
0.17945957584239422,0.8470225872689938
0.18021315534503177,0.8470225872689938
0.18021315534503177,0.8473648186173853
0.18193562277963182,0.8473648186173853
0.18193562277963182,0.8477070499657768
0.18268920228226934,0.8477070499657768
0.18268920228226934,0.8480492813141683
0.18290451071159436,0.8480492813141683
0.18290451071159436,0.8483915126625599
0.18311981914091938,0.8483915126625599
0.18311981914091938,0.8487337440109514
0.1834427817849069,0.8487337440109514
0.1834427817849069,0.8494182067077344
0.1841963612875444,0.8494182067077344
0.1841963612875444,0.8501026694045175
0.18570352029281947,0.8501026694045175
0.18570352029281947,0.8507871321013005
0.1863494455807945,0.8507871321013005
0.1863494455807945,0.851129363449692
0.18731833351275703,0.851129363449692
0.18731833351275703,0.8514715947980835
0.18785660458606954,0.8514715947980835
0.18785660458606954,0.851813826146475
0.18817956723005705,0.851813826146475
0.18839487565938207,0.851813826146475
0.18839487565938207,0.8521560574948666
0.1889331467326946,0.8521560574948666
0.1889331467326946,0.8524982888432581
0.19011734309398212,0.8524982888432581
0.19011734309398212,0.8535249828884326
0.19033265152330714,0.8535249828884326
0.19033265152330714,0.8542094455852156
0.19044030573796963,0.8542094455852156
0.19044030573796963,0.8545516769336071
0.19054795995263216,0.8545516769336071
0.19054795995263216,0.8548939082819986
0.19065561416729465,0.8548939082819986
0.19065561416729465,0.8552361396303901
0.19108623102594466,0.8552361396303901
0.19108623102594466,0.8555783709787816
0.19119388524060718,0.8555783709787816
0.19119388524060718,0.8559206023271732
0.19173215631391968,0.8559206023271732
0.19173215631391968,0.8569472963723477
0.19259339003121972,0.8569472963723477
0.19259339003121972,0.8572895277207392
0.19388524060716977,0.8572895277207392
0.19388524060716977,0.8576317590691307
0.19399289482183227,0.8576317590691307
0.19399289482183227,0.8579739904175222
0.1944235116804823,0.8579739904175222
0.1944235116804823,0.8590006844626967
0.1946388201098073,0.8590006844626967
0.1946388201098073,0.8593429158110883
0.1948541285391323,0.8593429158110883
0.1948541285391323,0.8596851471594799
0.19560770804176983,0.8596851471594799
0.19560770804176983,0.8600273785078714
0.19614597911508236,0.8600273785078714
0.19614597911508236,0.8603696098562629
0.1966842501883949,0.8603696098562629
0.1966842501883949,0.8610540725530459
0.19679190440305738,0.8610540725530459
0.19679190440305738,0.8613963039014374
0.19689955861771988,0.8613963039014374
0.19689955861771988,0.8624229979466119
0.19797610076434494,0.8624229979466119
0.19797610076434494,0.8627652292950034
0.19819140919366993,0.8627652292950034
0.19819140919366993,0.8631074606433949
0.19829906340833245,0.8631074606433949
0.19829906340833245,0.8634496919917864
0.19840671762299494,0.8634496919917864
0.19840671762299494,0.863791923340178
0.19851437183765744,0.863791923340178
0.19851437183765744,0.8641341546885695
0.19872968026698246,0.8641341546885695
0.19872968026698246,0.864476386036961
0.19916029712563246,0.864476386036961
0.19916029712563246,0.8648186173853525
0.19991387662827,0.8648186173853525
0.19991387662827,0.865160848733744
0.2000215308429325,0.865160848733744
0.2000215308429325,0.865845311430527
0.20034449348692002,0.865845311430527
0.20034449348692002,0.86652977412731
0.20066745613090753,0.86652977412731
0.20066745613090753,0.8668720054757015
0.20077511034557002,0.8668720054757015
0.20077511034557002,0.867214236824093
0.20088276456023255,0.867214236824093
0.20088276456023255,0.8675564681724846
0.20206696092152007,0.8675564681724846
0.20206696092152007,0.8678986995208761
0.2021746151361826,0.8678986995208761
0.2021746151361826,0.8682409308692677
0.2024975777801701,0.8682409308692677
0.2024975777801701,0.8685831622176592
0.2027128862094951,0.8685831622176592
0.2027128862094951,0.8689253935660507
0.20282054042415762,0.8689253935660507
0.20282054042415762,0.8692676249144422
0.20314350306814513,0.8692676249144422
0.20314350306814513,0.8706365503080082
0.20325115728280763,0.8706365503080082
0.20325115728280763,0.8709787816563997
0.20422004521477016,0.8709787816563997
0.20422004521477016,0.8716632443531828
0.20432769942943266,0.8716632443531828
0.20432769942943266,0.8720054757015743
0.20443535364409518,0.8720054757015743
0.20443535364409518,0.8723477070499658
0.20454300785875767,0.8723477070499658
0.20454300785875767,0.8730321697467488
0.2055118957907202,0.8730321697467488
0.2055118957907202,0.8733744010951403
0.2057272042200452,0.8733744010951403
0.2057272042200452,0.8740588637919233
0.20594251264937022,0.8740588637919233
0.20594251264937022,0.8744010951403148
0.2060501668640327,0.8744010951403148
0.2060501668640327,0.8747433264887063
0.20615782107869524,0.8747433264887063
0.20615782107869524,0.8754277891854894
0.20626547529335773,0.8754277891854894
0.20626547529335773,0.8757700205338809
0.20680374636667026,0.8757700205338809
0.20680374636667026,0.8761122518822724
0.20712670901065777,0.8761122518822724
0.20712670901065777,0.8764544832306639
0.20734201743998276,0.8764544832306639
0.20734201743998276,0.8767967145790554
0.2082032511572828,0.8767967145790554
0.2082032511572828,0.8771389459274469
0.20841855958660782,0.8771389459274469
0.20841855958660782,0.87782340862423
0.20917213908924534,0.87782340862423
0.20917213908924534,0.8781656399726215
0.20938744751857036,0.8781656399726215
0.20938744751857036,0.878507871321013
0.2106792980945204,0.878507871321013
0.2106792980945204,0.8788501026694046
0.2111099149531704,0.8788501026694046
0.2111099149531704,0.8791923340177961
0.21229411131445797,0.8791923340177961
0.21229411131445797,0.8798767967145791
0.2130476908170955,0.8798767967145791
0.2130476908170955,0.8802190280629706
0.213801270319733,0.8802190280629706
0.213801270319733,0.8805612594113621
0.21444719560770803,0.8805612594113621
0.21444719560770803,0.8809034907597536
0.21455484982237055,0.8809034907597536
0.21455484982237055,0.8819301848049281
0.21520077511034558,0.8819301848049281
0.21520077511034558,0.8822724161533196
0.2155237377543331,0.8822724161533196
0.2155237377543331,0.8826146475017111
0.2162773172569706,0.8826146475017111
0.2162773172569706,0.8832991101984942
0.21660027990095812,0.8832991101984942
0.21660027990095812,0.8836413415468857
0.21713855097427065,0.8836413415468857
0.21713855097427065,0.8839835728952772
0.21735385940359564,0.8839835728952772
0.21735385940359564,0.8843258042436687
0.21799978469157066,0.8843258042436687
0.21799978469157066,0.8850102669404517
0.2186457099795457,0.8850102669404517
0.2186457099795457,0.8853524982888432
0.2187533641942082,0.8853524982888432
0.2187533641942082,0.8856947296372347
0.2192916352675207,0.8856947296372347
0.2192916352675207,0.8860369609856262
0.21961459791150822,0.8860369609856262
0.21961459791150822,0.8863791923340179
0.21982990634083324,0.8863791923340179
0.21982990634083324,0.8867214236824094
0.22004521477015826,0.8867214236824094
0.22004521477015826,0.8870636550308009
0.22047583162880827,0.8870636550308009
0.22047583162880827,0.8874058863791924
0.22241360749273334,0.8874058863791924
0.22241360749273334,0.8877481177275839
0.22273657013672085,0.8877481177275839
0.22273657013672085,0.8880903490759754
0.2235978038540209,0.8880903490759754
0.2235978038540209,0.8884325804243669
0.22456669178598343,0.8884325804243669
0.22456669178598343,0.8887748117727584
0.22478200021530842,0.8887748117727584
0.22478200021530842,0.8891170431211499
0.22575088814727096,0.8891170431211499
0.22575088814727096,0.8894592744695414
0.2267197760792335,0.8894592744695414
0.2267197760792335,0.8898015058179329
0.22725804715254602,0.8898015058179329
0.22725804715254602,0.8901437371663244
0.22768866401119603,0.8901437371663244
0.22768866401119603,0.890485968514716
0.22854989772849607,0.890485968514716
0.22854989772849607,0.8908281998631075
0.2293034772311336,0.8908281998631075
0.2293034772311336,0.891170431211499
0.23113359888039617,0.891170431211499
0.23113359888039617,0.8915126625598905
0.2316718699537087,0.8915126625598905
0.2316718699537087,0.8921971252566735
0.2321024868123587,0.8921971252566735
0.2321024868123587,0.892539356605065
0.23285606631499622,0.892539356605065
0.23285606631499622,0.8928815879534565
0.23339433738830875,0.8928815879534565
0.23339433738830875,0.893223819301848
0.23393260846162128,0.893223819301848
0.23393260846162128,0.8935660506502395
0.2343632253202713,0.8935660506502395
0.2343632253202713,0.893908281998631
0.2345785337495963,0.893908281998631
0.2345785337495963,0.8942505133470225
0.2346861879642588,0.8942505133470225
0.2346861879642588,0.8949349760438056
0.23500915060824631,0.8949349760438056
0.23500915060824631,0.8952772073921971
0.23533211325223383,0.8952772073921971
0.23533211325223383,0.8956194387405887
0.23630100118419636,0.8956194387405887
0.23630100118419636,0.8959616700889802
0.2371622349014964,0.8959616700889802
0.2371622349014964,0.8963039014373717
0.2375928517601464,0.8963039014373717
0.2375928517601464,0.8966461327857632
0.23791581440413392,0.8966461327857632
0.23791581440413392,0.8969883641341547
0.23834643126278393,0.8969883641341547
0.23834643126278393,0.8976728268309377
0.23856173969210895,0.8976728268309377
0.23856173969210895,0.8980150581793293
0.23910001076542148,0.8980150581793293
0.23910001076542148,0.8983572895277208
0.23963828183873398,0.8983572895277208
0.23963828183873398,0.8986995208761123
0.2397459360533965,0.8986995208761123
0.2397459360533965,0.8990417522245038
0.239853590268059,0.8990417522245038
0.239853590268059,0.8993839835728953
0.24093013241468403,0.8993839835728953
0.24093013241468403,0.9000684462696783
0.24114544084400905,0.9000684462696783
0.24114544084400905,0.9004106776180698
0.24146840348799656,0.9004106776180698
0.24146840348799656,0.9007529089664613
0.24168371191732158,0.9007529089664613
0.24168371191732158,0.9010951403148528
0.2431908709225966,0.9010951403148528
0.2431908709225966,0.9014373716632443
0.24405210463989666,0.9014373716632443
0.24405210463989666,0.9017796030116358
0.24437506728388417,0.9017796030116358
0.24437506728388417,0.9021218343600274
0.24459037571320918,0.9021218343600274
0.24459037571320918,0.9024640657084189
0.2450209925718592,0.9024640657084189
0.2450209925718592,0.9028062970568104
0.2453439552158467,0.9028062970568104
0.2453439552158467,0.9034907597535934
0.24620518893314675,0.9034907597535934
0.24620518893314675,0.9041752224503764
0.24652815157713426,0.9041752224503764
0.24652815157713426,0.9048596851471595
0.2474970395090968,0.9048596851471595
0.2474970395090968,0.905201916495551
0.2476046937237593,0.905201916495551
0.2476046937237593,0.9058863791923341
0.2483582732263968,0.9058863791923341
0.2483582732263968,0.9062286105407256
0.24889654429970934,0.9062286105407256
0.24889654429970934,0.9065708418891171
0.24965012380234686,0.9065708418891171
0.24965012380234686,0.9072553045859001
0.25018839487565936,0.9072553045859001
0.25018839487565936,0.9079397672826831
0.2504037033049844,0.9079397672826831
0.2504037033049844,0.9082819986310746
0.25051135751964687,0.9082819986310746
0.25051135751964687,0.9086242299794661
0.2507266659489719,0.9086242299794661
0.2507266659489719,0.9093086926762491
0.2518032080955969,0.9093086926762491
0.2518032080955969,0.9096509240246407
0.25567875982344707,0.9096509240246407
0.25567875982344707,0.9099931553730322
0.2564323393260846,0.9099931553730322
0.2564323393260846,0.9103353867214237
0.2581548067606847,0.9103353867214237
0.2581548067606847,0.9106776180698152
0.25998492840994725,0.9106776180698152
0.25998492840994725,0.9110198494182067
0.26020023683927224,0.9110198494182067
0.26020023683927224,0.9113620807665982
0.26030789105393476,0.9113620807665982
0.26030789105393476,0.9117043121149897
0.2604155452685973,0.9117043121149897
0.2604155452685973,0.9120465434633812
0.2607385079125848,0.9120465434633812
0.2607385079125848,0.9123887748117727
0.26084616212724726,0.9123887748117727
0.26084616212724726,0.9130732375085557
0.2619227042738723,0.9130732375085557
0.2619227042738723,0.9134154688569472
0.26203035848853484,0.9134154688569472
0.26203035848853484,0.9137577002053389
0.26224566691785983,0.9137577002053389
0.26224566691785983,0.9140999315537304
0.2624609753471848,0.9140999315537304
0.2624609753471848,0.9144421629021219
0.26278393799117233,0.9144421629021219
0.26278393799117233,0.9147843942505134
0.2636451717084724,0.9147843942505134
0.2636451717084724,0.9151266255989049
0.2640757885671224,0.9151266255989049
0.2640757885671224,0.9154688569472964
0.2643987512111099,0.9154688569472964
0.2643987512111099,0.9158110882956879
0.26493702228442245,0.9158110882956879
0.26493702228442245,0.9161533196440794
0.26612121864571,0.9161533196440794
0.26612121864571,0.9164955509924709
0.26741306922166,0.9164955509924709
0.26741306922166,0.9168377823408624
0.26773603186564754,0.9168377823408624
0.26773603186564754,0.9175222450376455
0.26859726558294755,0.9175222450376455
0.26859726558294755,0.917864476386037
0.2690278824415976,0.917864476386037
0.2690278824415976,0.9182067077344285
0.2695661535149101,0.9182067077344285
0.2695661535149101,0.91854893908282
0.27042738723221016,0.91854893908282
0.27042738723221016,0.9188911704312115
0.27075034987619767,0.9188911704312115
0.27075034987619767,0.919233401779603
0.2713962751641727,0.919233401779603
0.2713962751641727,0.9195756331279945
0.2718268920228227,0.9195756331279945
0.2718268920228227,0.919917864476386
0.2720422004521477,0.919917864476386
0.2720422004521477,0.920602327173169
0.2722575088814727,0.920602327173169
0.2722575088814727,0.921286789869952
0.2724728173107977,0.921286789869952
0.2724728173107977,0.9216290212183436
0.27301108838411026,0.9216290212183436
0.27301108838411026,0.9219712525667351
0.2731187425987727,0.9219712525667351
0.2731187425987727,0.9223134839151266
0.27333405102809777,0.9223134839151266
0.27333405102809777,0.9233401779603012
0.2745182473893853,0.9233401779603012
0.2745182473893853,0.9240246406570842
0.2750565184626978,0.9240246406570842
0.2750565184626978,0.9243668720054757
0.27548713532134783,0.9243668720054757
0.27548713532134783,0.9247091033538672
0.27634836903864785,0.9247091033538672
0.27634836903864785,0.9250513347022588
0.2776402196145979,0.9250513347022588
0.2776402196145979,0.9253935660506503
0.2779631822585854,0.9253935660506503
0.2779631822585854,0.9257357973990418
0.27839379911723544,0.9257357973990418
0.27839379911723544,0.9260780287474333
0.27871676176122295,0.9260780287474333
0.27871676176122295,0.9264202600958248
0.2788244159758855,0.9264202600958248
0.2788244159758855,0.9267624914442163
0.27957799547852297,0.9267624914442163
0.27957799547852297,0.9271047227926078
0.279793303907848,0.9271047227926078
0.279793303907848,0.9277891854893908
0.280654537625148,0.9277891854893908
0.280654537625148,0.9281314168377823
0.28097750026913554,0.9281314168377823
0.28097750026913554,0.9284736481861738
0.2820540424157606,0.9284736481861738
0.2820540424157606,0.9288158795345653
0.28356120142103564,0.9288158795345653
0.28356120142103564,0.9291581108829569
0.2837765098503606,0.9291581108829569
0.2837765098503606,0.9295003422313484
0.28399181827968567,0.9295003422313484
0.28399181827968567,0.9298425735797399
0.2848530519969857,0.9298425735797399
0.2848530519969857,0.9301848049281314
0.2886209495101733,0.9301848049281314
0.2886209495101733,0.9305270362765229
0.28958983744213584,0.9305270362765229
0.28958983744213584,0.9308692676249144
0.2909893422327484,0.9308692676249144
0.2909893422327484,0.9312114989733059
0.29217353859403594,0.9312114989733059
0.29217353859403594,0.9315537303216974
0.2927118096673485,0.9315537303216974
0.2927118096673485,0.931895961670089
0.2929271180966735,0.931895961670089
0.2929271180966735,0.932580424366872
0.2935730433846485,0.932580424366872
0.2935730433846485,0.9329226557152636
0.2951878566045861,0.9329226557152636
0.2951878566045861,0.9332648870636551
0.2956184734632361,0.9332648870636551
0.2956184734632361,0.9336071184120466
0.2961567445365486,0.9336071184120466
0.2961567445365486,0.9339493497604381
0.29680266982452364,0.9339493497604381
0.29680266982452364,0.9342915811088296
0.2970179782538486,0.9342915811088296
0.2970179782538486,0.9346338124572211
0.29712563246851115,0.9346338124572211
0.29712563246851115,0.9349760438056126
0.29734094089783614,0.9349760438056126
0.29734094089783614,0.9353182751540041
0.29917106254709874,0.9353182751540041
0.29917106254709874,0.9356605065023956
0.2992787167617612,0.9356605065023956
0.2992787167617612,0.9360027378507871
0.3001399504790613,0.9360027378507871
0.3001399504790613,0.9363449691991786
0.30261599741629885,0.9363449691991786
0.30261599741629885,0.9366872005475702
0.3030466142749489,0.9366872005475702
0.3030466142749489,0.9370294318959617
0.30315426848961136,0.9370294318959617
0.30315426848961136,0.9373716632443532
0.3035848853482614,0.9373716632443532
0.3035848853482614,0.9377138945927447
0.3044461190655614,0.9377138945927447
0.3044461190655614,0.9380561259411362
0.30498439013887396,0.9380561259411362
0.30498439013887396,0.9383983572895277
0.3061685865001615,0.9383983572895277
0.3061685865001615,0.9387405886379192
0.306276240714824,0.9387405886379192
0.306276240714824,0.9390828199863107
0.30746043707611154,0.9390828199863107
0.30746043707611154,0.9394250513347022
0.30799870814942404,0.9394250513347022
0.30799870814942404,0.9397672826830937
0.30864463343739906,0.9397672826830937
0.30864463343739906,0.9401095140314852
0.3087522876520616,0.9401095140314852
0.3087522876520616,0.9404517453798767
0.3089675960813866,0.9404517453798767
0.3089675960813866,0.9407939767282683
0.3102594466573366,0.9407939767282683
0.3102594466573366,0.9411362080766599
0.31036710087199915,0.9411362080766599
0.31036710087199915,0.9414784394250514
0.3116589514479492,0.9414784394250514
0.3116589514479492,0.9418206707734429
0.31273549359457425,0.9418206707734429
0.31273549359457425,0.9421629021218344
0.3133814188825493,0.9421629021218344
0.3133814188825493,0.9425051334702259
0.3162880826784369,0.9425051334702259
0.3162880826784369,0.9431895961670089
0.31671869953708687,0.9431895961670089
0.31671869953708687,0.9435318275154004
0.3171493163957369,0.9435318275154004
0.3171493163957369,0.9438740588637919
0.31897943804499945,0.9438740588637919
0.31897943804499945,0.9442162902121835
0.319087092259662,0.9442162902121835
0.319087092259662,0.944558521560575
0.3196253633329745,0.944558521560575
0.3196253633329745,0.9449007529089665
0.3228549897728496,0.9449007529089665
0.3228549897728496,0.945242984257358
0.32360856927548715,0.945242984257358
0.32360856927548715,0.9455852156057495
0.32393153191947466,0.9455852156057495
0.32393153191947466,0.9462696783025325
0.3257616535687372,0.9462696783025325
0.3257616535687372,0.946611909650924
0.32640757885671223,0.946611909650924
0.32640757885671223,0.9469541409993155
0.32683819571536227,0.9469541409993155
0.32683819571536227,0.947296372347707
0.32759177521799976,0.947296372347707
0.32759177521799976,0.94798083504449
0.3278070836473248,0.94798083504449
0.3278070836473248,0.9483230663928816
0.32942189686726236,0.9483230663928816
0.32942189686726236,0.9486652977412731
0.32952955108192483,0.9486652977412731
0.32952955108192483,0.9490075290896646
0.33232856066315,0.9490075290896646
0.33232856066315,0.9493497604380561
0.33254386909247496,0.9493497604380561
0.33254386909247496,0.9496919917864476
0.3332974485951125,0.9496919917864476
0.3332974485951125,0.9500342231348392
0.3341586823124125,0.9500342231348392
0.3341586823124125,0.9503764544832307
0.33566584131768756,0.9503764544832307
0.33566584131768756,0.9507186858316222
0.3363117666056626,0.9507186858316222
0.3363117666056626,0.9510609171800137
0.3386801593282377,0.9510609171800137
0.3386801593282377,0.9514031485284052
0.3388954677575627,0.9514031485284052
0.3388954677575627,0.9517453798767967
0.3409408978361503,0.9517453798767967
0.3409408978361503,0.9524298425735798
0.3410485520508128,0.9524298425735798
0.3410485520508128,0.9527720739219713
0.34309398212940034,0.9527720739219713
0.34309398212940034,0.9531143052703628
0.3436322532027129,0.9531143052703628
0.3436322532027129,0.9534565366187543
0.34535472063731293,0.9534565366187543
0.34535472063731293,0.9537987679671458
0.3461083001399505,0.9537987679671458
0.3461083001399505,0.9541409993155373
0.347077188071913,0.9541409993155373
0.347077188071913,0.9544832306639288
0.34772311335988804,0.9544832306639288
0.34772311335988804,0.9548254620123203
0.34858434707718805,0.9548254620123203
0.34858434707718805,0.9551676933607118
0.3486920012918506,0.9551676933607118
0.3486920012918506,0.9555099247091033
0.35030681451178813,0.9555099247091033
0.35030681451178813,0.9558521560574949
0.3539670578103133,0.9558521560574949
0.3539670578103133,0.9561943874058864
0.35665841317687585,0.9561943874058864
0.35665841317687585,0.9565366187542779
0.3567660673915384,0.9565366187542779
0.3567660673915384,0.9568788501026694
0.3574119926795134,0.9568788501026694
0.3574119926795134,0.9572210814510609
0.35891915168478844,0.9572210814510609
0.35891915168478844,0.9579055441478439
0.3599956938314135,0.9579055441478439
0.3599956938314135,0.9582477754962354
0.3648401334912262,0.9582477754962354
0.3648401334912262,0.9585900068446269
0.36623963828183875,0.9585900068446269
0.36623963828183875,0.9589322381930184
0.3668855635698138,0.9589322381930184
0.3668855635698138,0.95927446954141
0.3683927225750888,0.95927446954141
0.3683927225750888,0.9596167008898016
0.3700075357950264,0.9596167008898016
0.3700075357950264,0.9599589322381931
0.3718376574442889,0.9599589322381931
0.3718376574442889,0.9603011635865846
0.373344816449564,0.9603011635865846
0.373344816449564,0.9606433949349761
0.3738830875228765,0.9606433949349761
0.3738830875228765,0.9609856262833676
0.3740983959522015,0.9609856262833676
0.3740983959522015,0.9613278576317591
0.3807729572612768,0.9613278576317591
0.3807729572612768,0.9616700889801506
0.38174184519323934,0.9616700889801506
0.38174184519323934,0.9620123203285421
0.3842178921304769,0.9620123203285421
0.3842178921304769,0.9623545516769336
0.3866939390677145,0.9623545516769336
0.3866939390677145,0.9626967830253251
0.38723221014102704,0.9626967830253251
0.38723221014102704,0.9630390143737166
0.3873398643556895,0.9630390143737166
0.3873398643556895,0.9633812457221081
0.38744751857035203,0.9633812457221081
0.38744751857035203,0.9637234770704997
0.3890623317902896,0.9637234770704997
0.3890623317902896,0.9644079397672827
0.3891699860049521,0.9644079397672827
0.3891699860049521,0.9647501711156742
0.39100010765421467,0.9647501711156742
0.39100010765421467,0.9650924024640657
0.3939067714501023,0.9650924024640657
0.3939067714501023,0.9654346338124572
0.39584454731402735,0.9654346338124572
0.39584454731402735,0.9657768651608487
0.3973517063193024,0.9657768651608487
0.3973517063193024,0.9661190965092402
0.399181827968565,0.9661190965092402
0.399181827968565,0.9664613278576317
0.3995047906125525,0.9664613278576317
0.3995047906125525,0.9668035592060232
0.40111960383249007,0.9668035592060232
0.40111960383249007,0.9671457905544147
0.40165787490580257,0.9671457905544147
0.40165787490580257,0.9674880219028063
0.40273441705242763,0.9674880219028063
0.40273441705242763,0.9678302532511978
0.4040262676283777,0.9678302532511978
0.4040262676283777,0.9681724845995893
0.41220798794272795,0.9681724845995893
0.41220798794272795,0.9685147159479809
0.41242329637205294,0.9685147159479809
0.41242329637205294,0.9688569472963724
0.413284530089353,0.9688569472963724
0.413284530089353,0.9691991786447639
0.41479168909462805,0.9691991786447639
0.41479168909462805,0.9695414099931554
0.4161911938852406,0.9695414099931554
0.4161911938852406,0.9698836413415469
0.41769835289051566,0.9698836413415469
0.41769835289051566,0.9702258726899384
0.41823662396382816,0.9702258726899384
0.41823662396382816,0.9705681040383299
0.4187748950371407,0.9705681040383299
0.4187748950371407,0.9709103353867214
0.42082032511572826,0.9709103353867214
0.42082032511572826,0.971252566735113
0.42265044676499086,0.971252566735113
0.42265044676499086,0.9715947980835045
0.4235116804822909,0.9715947980835045
0.4235116804822909,0.971937029431896
0.42717192378081603,0.971937029431896
0.42717192378081603,0.9722792607802875
0.43029389600602863,0.9722792607802875
0.43029389600602863,0.972621492128679
0.43061685865001614,0.972621492128679
0.43061685865001614,0.9729637234770705
0.43147809236731616,0.9729637234770705
0.43147809236731616,0.973305954825462
0.4316934007966412,0.973305954825462
0.4316934007966412,0.9736481861738535
0.43406179351921625,0.9736481861738535
0.43406179351921625,0.973990417522245
0.43438475616320377,0.973990417522245
0.43438475616320377,0.9743326488706365
0.440198083754979,0.9743326488706365
0.440198083754979,0.974674880219028
0.4403057379696415,0.974674880219028
0.4403057379696415,0.9750171115674195
0.4437506728388416,0.9750171115674195
0.4437506728388416,0.9753593429158111
0.44385832705350414,0.9753593429158111
0.44385832705350414,0.9757015742642026
0.4446119065561417,0.9757015742642026
0.4446119065561417,0.9760438056125941
0.44644202820540424,0.9760438056125941
0.44644202820540424,0.9763860369609856
0.44730326192270425,0.9763860369609856
0.44730326192270425,0.9767282683093771
0.4477338787813543,0.9767282683093771
0.4477338787813543,0.9770704996577686
0.44945634621595437,0.9770704996577686
0.44945634621595437,0.9774127310061602
0.44956400043061684,0.9774127310061602
0.44956400043061684,0.9777549623545517
0.4507481967919044,0.9777549623545517
0.4507481967919044,0.9780971937029432
0.45160943050920443,0.9780971937029432
0.45160943050920443,0.9784394250513347
0.45171708472386696,0.9784394250513347
0.45171708472386696,0.9787816563997263
0.45204004736785447,0.9787816563997263
0.45204004736785447,0.9791238877481178
0.4554849822370546,0.9791238877481178
0.4554849822370546,0.9794661190965093
0.45828399181827967,0.9794661190965093
0.45828399181827967,0.9798083504449008
0.4592528797502422,0.9798083504449008
0.4592528797502422,0.9801505817932923
0.4601141134675423,0.9801505817932923
0.4601141134675423,0.9804928131416838
0.4615136182581548,0.9804928131416838
0.4615136182581548,0.9808350444900753
0.4635590483367424,0.9808350444900753
0.4635590483367424,0.9811772758384668
0.4640973194100549,0.9811772758384668
0.4640973194100549,0.9815195071868583
0.46571213262999245,0.9815195071868583
0.46571213262999245,0.9818617385352498
0.4693723759285176,0.9818617385352498
0.4693723759285176,0.9822039698836413
0.47087953493379264,0.9822039698836413
0.47087953493379264,0.9825462012320328
0.47593928302293037,0.9825462012320328
0.47593928302293037,0.9828884325804244
0.4764775540962429,0.9828884325804244
0.4764775540962429,0.9832306639288159
0.4770158251695554,0.9832306639288159
0.4770158251695554,0.9835728952772074
0.4840133491226182,0.9835728952772074
0.4840133491226182,0.9839151266255989
0.48821186349445583,0.9839151266255989
0.48821186349445583,0.9842573579739904
0.5014533318979438,0.9842573579739904
0.5014533318979438,0.9845995893223819
0.5015609861126064,0.9845995893223819
0.5015609861126064,0.9849418206707734
0.507697276348369,0.9849418206707734
0.507697276348369,0.9852840520191649
0.5117881365055442,0.9852840520191649
0.5117881365055442,0.9856262833675564
0.5191086231025944,0.9856262833675564
0.5191086231025944,0.9859685147159479
0.5209387447518571,0.9859685147159479
0.5209387447518571,0.9863107460643394
0.5277209602755948,0.9863107460643394
0.5277209602755948,0.9866529774127311
0.5294434277101948,0.9866529774127311
0.5294434277101948,0.9869952087611226
0.5393476154591452,0.9869952087611226
0.5393476154591452,0.9873374401095141
0.5411777371084078,0.9873374401095141
0.5411777371084078,0.9876796714579056
0.5433308214016579,0.9876796714579056
0.5433308214016579,0.9880219028062971
0.547206373129508,0.9880219028062971
0.547206373129508,0.9883641341546886
0.5504359995693832,0.9883641341546886
0.5504359995693832,0.9887063655030801
0.5514048875013456,0.9887063655030801
0.5514048875013456,0.9890485968514716
0.5525890838626332,0.9890485968514716
0.5525890838626332,0.9893908281998631
0.5537732802239208,0.9893908281998631
0.5537732802239208,0.9897330595482546
0.5544192055118958,0.9897330595482546
0.5544192055118958,0.9900752908966461
0.5545268597265582,0.9900752908966461
0.5545268597265582,0.9904175222450377
0.5620626547529336,0.9904175222450377
0.5620626547529336,0.9907597535934292
0.5640004306168587,0.9907597535934292
0.5640004306168587,0.9911019849418207
0.5645387016901712,0.9911019849418207
0.5645387016901712,0.9914442162902122
0.5681989449886963,0.9914442162902122
0.5684142534180213,0.9914442162902122
0.5746581978684465,0.9914442162902122
0.5746581978684465,0.9917864476386037
0.5804715254602217,0.9917864476386037
0.5804715254602217,0.9921286789869952
0.5859618904080095,0.9921286789869952
0.5859618904080095,0.9924709103353867
0.5898374421358596,0.9924709103353867
0.5898374421358596,0.9928131416837782
0.5909139842824847,0.9928131416837782
0.5909139842824847,0.9931553730321697
0.6037248358273226,0.9931553730321697
0.6037248358273226,0.9934976043805612
0.6042631069006351,0.9934976043805612
0.6042631069006351,0.9938398357289527
0.6067391538378728,0.9938398357289527
0.6067391538378728,0.9941820670773442
0.6071697706965228,0.9941820670773442
0.6071697706965228,0.9945242984257358
0.6130907525029605,0.9945242984257358
0.6130907525029605,0.9948665297741273
0.6190117343093983,0.9948665297741273
0.6190117343093983,0.9952087611225188
0.6450640542577242,0.9952087611225188
0.6450640542577242,0.9955509924709104
0.651200344493487,0.9955509924709104
0.651200344493487,0.9958932238193019
0.6550758962213371,0.9958932238193019
0.6550758962213371,0.9962354551676934
0.6553988588653246,0.9962354551676934
0.6553988588653246,0.9965776865160849
0.6636882333943374,0.9965776865160849
0.6636882333943374,0.9969199178644764
0.6869415437614382,0.9969199178644764
0.6869415437614382,0.9972621492128679
0.6880180859080633,0.9972621492128679
0.6880180859080633,0.9976043805612594
0.6940467219291635,0.9976043805612594
0.6940467219291635,0.997946611909651
0.6943696845731511,0.997946611909651
0.694584993002476,0.997946611909651
0.695876843578426,0.997946611909651
0.695876843578426,0.9982888432580425
0.7200990418774895,0.9982888432580425
0.7200990418774895,0.998631074606434
0.7389385294434277,0.998631074606434
0.7389385294434277,0.9989733059548255
0.7479814834750781,0.9989733059548255
0.7479814834750781,0.999315537303217
0.7579933254386909,0.999315537303217
0.7579933254386909,0.9996577686516085
0.8040693293142427,0.9996577686516085
0.8040693293142427,1.0
0.838303369576919,1.0
0.8385186780062439,1.0
0.8576811282161697,1.0
0.8578964366454946,1.0
0.8614490257293573,1.0
0.8616643341586823,1.0
0.8619872968026698,1.0
0.8622026052319949,1.0
0.866939390677145,1.0
0.86715469910647,1.0
0.8690924749703951,1.0
0.8693077833997201,1.0
0.8880396167509959,1.0
0.8882549251803208,1.0
0.907525029604909,1.0
0.907740338034234,1.0
0.9141995909139843,1.0
0.9144148993433093,1.0
0.9187210679298095,1.0
0.9189363763591345,1.0
0.9195823016471095,1.0
0.9197976100764345,1.0
0.922273657013672,1.0
0.9224889654429971,1.0
0.9244267413069222,1.0
0.9246420497362472,1.0
0.9257185918828722,1.0
0.9259339003121972,1.0
0.9274410593174722,1.0
0.9276563677467973,1.0
0.933146732694585,1.0
0.93336204112391,1.0
0.9357304338464851,1.0
0.9359457422758101,1.0
0.9396059855743353,1.0
0.9398212940036602,1.0
0.9440198083754979,1.0
0.9442351168048229,1.0
0.945311658951448,1.0
0.9455269673807729,1.0
0.947680051674023,1.0
0.9478953601033481,1.0
0.9485412853913231,1.0
0.9488642480353106,1.0
0.9489719022499731,1.0
0.9491872106792981,1.0
0.9506943696845731,1.0
0.9509096781138981,1.0
0.9517709118311982,1.0
0.9522015286898482,1.0
0.9580148562816234,1.0
0.9582301647109485,1.0
0.9588760899989235,1.0
0.9590913984282484,1.0
0.9608138658628486,1.0
0.9610291742921735,1.0
0.9619980622241361,1.0
0.9624286790827861,1.0
0.9629669501560986,1.0
0.9631822585854236,1.0
0.9632899128000861,1.0
0.9635052212294112,1.0
0.9638281838733986,1.0
0.9640434923027237,1.0
0.9642588007320486,1.0
0.9644741091613737,1.0
0.9670578103132738,1.0
0.9672731187425988,1.0
0.9674884271719237,1.0
0.9677037356012488,1.0
0.9680266982452364,1.0
0.9682420066745613,1.0
0.9687802777478738,1.0
0.9689955861771988,1.0
0.9697491656798364,1.0
0.9699644741091614,1.0
0.972225212617074,1.0
0.972440521046399,1.0
0.973301754763699,1.0
0.973517063193024,1.0
0.974162988480999,1.0
0.9743782969103241,1.0
0.9763160727742491,1.0
0.9766390354182366,1.0
0.9776079233501992,1.0
0.9778232317795241,1.0
0.9780385402088492,1.0
0.9782538486381742,1.0
0.9786844654968242,1.0
0.9802992787167618,1.0
0.9807298955754118,1.0
0.9816987835073743,1.0
0.9819140919366993,1.0
0.9823447087953493,1.0
0.9825600172246743,1.0
0.9834212509419744,1.0
0.9836365593712993,1.0
0.984820755732587,1.0
0.9850360641619119,1.0
0.9857896436645495,1.0
0.9860049520938745,1.0
0.9868661858111745,1.0
0.9870814942404995,1.0
0.9885886532457746,1.0
0.9890192701044246,1.0
0.9891269243190871,1.0
0.9893422327484122,1.0
0.9911723543976747,1.0
0.9916029712563247,1.0
0.9923565507589622,1.0
0.9927871676176122,1.0
0.9932177844762623,1.0
0.9937560555495748,1.0
0.9941866724082248,1.0
0.9946172892668748,1.0
0.9950479061255249,1.0
0.9952632145548498,1.0
0.9953708687695123,1.0
0.9955861771988374,1.0
0.9959091398428248,1.0
0.9966627193454624,1.0
0.9969856819894499,1.0
0.9974162988480999,1.0
0.9977392614920875,1.0
0.9979545699214124,1.0
0.9981698783507374,1.0
0.9983851867800625,1.0
0.99870814942405,1.0
0.9990311120680375,1.0
0.99956938314135,1.0
0.9996770373560125,1.0
1.0,1.0
